areaType,areaName,areaCode,date,newCasesBySpecimenDate,cumCasesBySpecimenDate
overview,United Kingdom,K02000001,2021-12-07,11995,10610958
overview,United Kingdom,K02000001,2021-12-06,45588,10598963
overview,United Kingdom,K02000001,2021-12-05,38556,10553375
overview,United Kingdom,K02000001,2021-12-04,36741,10514819
overview,United Kingdom,K02000001,2021-12-03,44202,10478078
overview,United Kingdom,K02000001,2021-12-02,49021,10433876
overview,United Kingdom,K02000001,2021-12-01,53431,10384855
overview,United Kingdom,K02000001,2021-11-30,54451,10331424
overview,United Kingdom,K02000001,2021-11-29,54889,10276973
overview,United Kingdom,K02000001,2021-11-28,38864,10222084
overview,United Kingdom,K02000001,2021-11-27,32609,10183220
overview,United Kingdom,K02000001,2021-11-26,38527,10150611
overview,United Kingdom,K02000001,2021-11-25,42485,10112084
overview,United Kingdom,K02000001,2021-11-24,45792,10069599
overview,United Kingdom,K02000001,2021-11-23,47273,10023807
overview,United Kingdom,K02000001,2021-11-22,49771,9976534
overview,United Kingdom,K02000001,2021-11-21,36503,9926763
overview,United Kingdom,K02000001,2021-11-20,34662,9890260
overview,United Kingdom,K02000001,2021-11-19,38916,9855598
overview,United Kingdom,K02000001,2021-11-18,43221,9816682
overview,United Kingdom,K02000001,2021-11-17,45032,9773461
overview,United Kingdom,K02000001,2021-11-16,45438,9728429
overview,United Kingdom,K02000001,2021-11-15,49990,9682991
overview,United Kingdom,K02000001,2021-11-14,34797,9633001
overview,United Kingdom,K02000001,2021-11-13,32323,9598204
overview,United Kingdom,K02000001,2021-11-12,36994,9565881
overview,United Kingdom,K02000001,2021-11-11,40228,9528887
overview,United Kingdom,K02000001,2021-11-10,42087,9488659
overview,United Kingdom,K02000001,2021-11-09,41442,9446572
overview,United Kingdom,K02000001,2021-11-08,43288,9405130
overview,United Kingdom,K02000001,2021-11-07,29981,9361842
overview,United Kingdom,K02000001,2021-11-06,26932,9331861
overview,United Kingdom,K02000001,2021-11-05,29729,9304929
overview,United Kingdom,K02000001,2021-11-04,32347,9275200
overview,United Kingdom,K02000001,2021-11-03,35027,9242853
overview,United Kingdom,K02000001,2021-11-02,37126,9207826
overview,United Kingdom,K02000001,2021-11-01,44195,9170700
overview,United Kingdom,K02000001,2021-10-31,34129,9126505
overview,United Kingdom,K02000001,2021-10-30,33017,9092376
overview,United Kingdom,K02000001,2021-10-29,39537,9059359
overview,United Kingdom,K02000001,2021-10-28,40658,9019822
overview,United Kingdom,K02000001,2021-10-27,42275,8979164
overview,United Kingdom,K02000001,2021-10-26,41415,8936889
overview,United Kingdom,K02000001,2021-10-25,46641,8895474
overview,United Kingdom,K02000001,2021-10-24,35146,8848833
overview,United Kingdom,K02000001,2021-10-23,34543,8813687
overview,United Kingdom,K02000001,2021-10-22,39980,8779144
overview,United Kingdom,K02000001,2021-10-21,44435,8739164
overview,United Kingdom,K02000001,2021-10-20,50828,8694729
overview,United Kingdom,K02000001,2021-10-19,51586,8643901
overview,United Kingdom,K02000001,2021-10-18,56712,8592315
overview,United Kingdom,K02000001,2021-10-17,42982,8535603
overview,United Kingdom,K02000001,2021-10-16,37283,8492621
overview,United Kingdom,K02000001,2021-10-15,42872,8455338
overview,United Kingdom,K02000001,2021-10-14,45634,8412466
overview,United Kingdom,K02000001,2021-10-13,46985,8366832
overview,United Kingdom,K02000001,2021-10-12,47506,8319847
overview,United Kingdom,K02000001,2021-10-11,49461,8272341
overview,United Kingdom,K02000001,2021-10-10,35830,8222880
overview,United Kingdom,K02000001,2021-10-09,31723,8187050
overview,United Kingdom,K02000001,2021-10-08,35009,8155327
overview,United Kingdom,K02000001,2021-10-07,37881,8120318
overview,United Kingdom,K02000001,2021-10-06,38620,8082437
overview,United Kingdom,K02000001,2021-10-05,38621,8043817
overview,United Kingdom,K02000001,2021-10-04,43075,8005196
overview,United Kingdom,K02000001,2021-10-03,31510,7962121
overview,United Kingdom,K02000001,2021-10-02,25904,7930611
overview,United Kingdom,K02000001,2021-10-01,28643,7904707
overview,United Kingdom,K02000001,2021-09-30,32015,7876064
overview,United Kingdom,K02000001,2021-09-29,34301,7844049
overview,United Kingdom,K02000001,2021-09-28,35934,7809748
overview,United Kingdom,K02000001,2021-09-27,40922,7773814
overview,United Kingdom,K02000001,2021-09-26,31526,7732892
overview,United Kingdom,K02000001,2021-09-25,27861,7701366
overview,United Kingdom,K02000001,2021-09-24,31605,7673505
overview,United Kingdom,K02000001,2021-09-23,35217,7641900
overview,United Kingdom,K02000001,2021-09-22,36156,7606683
overview,United Kingdom,K02000001,2021-09-21,38263,7570527
overview,United Kingdom,K02000001,2021-09-20,40113,7532264
overview,United Kingdom,K02000001,2021-09-19,30543,7492151
overview,United Kingdom,K02000001,2021-09-18,26302,7461608
overview,United Kingdom,K02000001,2021-09-17,29062,7435306
overview,United Kingdom,K02000001,2021-09-16,29175,7406244
overview,United Kingdom,K02000001,2021-09-15,29945,7377069
overview,United Kingdom,K02000001,2021-09-14,30936,7347124
overview,United Kingdom,K02000001,2021-09-13,34119,7316188
overview,United Kingdom,K02000001,2021-09-12,23666,7282069
overview,United Kingdom,K02000001,2021-09-11,23211,7258403
overview,United Kingdom,K02000001,2021-09-10,28730,7235192
overview,United Kingdom,K02000001,2021-09-09,33407,7206462
overview,United Kingdom,K02000001,2021-09-08,35239,7173055
overview,United Kingdom,K02000001,2021-09-07,38016,7137816
overview,United Kingdom,K02000001,2021-09-06,44146,7099800
overview,United Kingdom,K02000001,2021-09-05,31264,7055654
overview,United Kingdom,K02000001,2021-09-04,31360,7024390
overview,United Kingdom,K02000001,2021-09-03,38020,6993030
overview,United Kingdom,K02000001,2021-09-02,41625,6955010
overview,United Kingdom,K02000001,2021-09-01,42833,6913385
overview,United Kingdom,K02000001,2021-08-31,44471,6870552
overview,United Kingdom,K02000001,2021-08-30,34170,6826081
overview,United Kingdom,K02000001,2021-08-29,25699,6791911
overview,United Kingdom,K02000001,2021-08-28,27175,6766212
overview,United Kingdom,K02000001,2021-08-27,33178,6739037
overview,United Kingdom,K02000001,2021-08-26,36986,6705859
overview,United Kingdom,K02000001,2021-08-25,38106,6668873
overview,United Kingdom,K02000001,2021-08-24,37027,6630767
overview,United Kingdom,K02000001,2021-08-23,39045,6593740
overview,United Kingdom,K02000001,2021-08-22,28302,6554695
overview,United Kingdom,K02000001,2021-08-21,28094,6526393
overview,United Kingdom,K02000001,2021-08-20,31675,6498299
overview,United Kingdom,K02000001,2021-08-19,35833,6466624
overview,United Kingdom,K02000001,2021-08-18,38008,6430791
overview,United Kingdom,K02000001,2021-08-17,37191,6392783
overview,United Kingdom,K02000001,2021-08-16,36194,6355592
overview,United Kingdom,K02000001,2021-08-15,24918,6319398
overview,United Kingdom,K02000001,2021-08-14,24653,6294480
overview,United Kingdom,K02000001,2021-08-13,28450,6269827
overview,United Kingdom,K02000001,2021-08-12,31126,6241377
overview,United Kingdom,K02000001,2021-08-11,32737,6210251
overview,United Kingdom,K02000001,2021-08-10,30918,6177514
overview,United Kingdom,K02000001,2021-08-09,31527,6146596
overview,United Kingdom,K02000001,2021-08-08,22419,6115069
overview,United Kingdom,K02000001,2021-08-07,22122,6092650
overview,United Kingdom,K02000001,2021-08-06,27538,6070528
overview,United Kingdom,K02000001,2021-08-05,31073,6042990
overview,United Kingdom,K02000001,2021-08-04,31733,6011917
overview,United Kingdom,K02000001,2021-08-03,29820,5980184
overview,United Kingdom,K02000001,2021-08-02,29277,5950364
overview,United Kingdom,K02000001,2021-08-01,20515,5921087
overview,United Kingdom,K02000001,2021-07-31,20154,5900572
overview,United Kingdom,K02000001,2021-07-30,24278,5880418
overview,United Kingdom,K02000001,2021-07-29,27907,5856140
overview,United Kingdom,K02000001,2021-07-28,29664,5828233
overview,United Kingdom,K02000001,2021-07-27,29046,5798569
overview,United Kingdom,K02000001,2021-07-26,29392,5769523
overview,United Kingdom,K02000001,2021-07-25,21768,5740131
overview,United Kingdom,K02000001,2021-07-24,22477,5718363
overview,United Kingdom,K02000001,2021-07-23,27273,5695886
overview,United Kingdom,K02000001,2021-07-22,30753,5668613
overview,United Kingdom,K02000001,2021-07-21,34931,5637860
overview,United Kingdom,K02000001,2021-07-20,39071,5602929
overview,United Kingdom,K02000001,2021-07-19,46900,5563858
overview,United Kingdom,K02000001,2021-07-18,35502,5516958
overview,United Kingdom,K02000001,2021-07-17,37846,5481456
overview,United Kingdom,K02000001,2021-07-16,54236,5443610
overview,United Kingdom,K02000001,2021-07-15,60762,5389374
overview,United Kingdom,K02000001,2021-07-14,53821,5328612
overview,United Kingdom,K02000001,2021-07-13,46729,5274791
overview,United Kingdom,K02000001,2021-07-12,43646,5228062
overview,United Kingdom,K02000001,2021-07-11,30025,5184416
overview,United Kingdom,K02000001,2021-07-10,27880,5154391
overview,United Kingdom,K02000001,2021-07-09,32217,5126511
overview,United Kingdom,K02000001,2021-07-08,33355,5094294
overview,United Kingdom,K02000001,2021-07-07,37818,5060939
overview,United Kingdom,K02000001,2021-07-06,35368,5023121
overview,United Kingdom,K02000001,2021-07-05,34196,4987753
overview,United Kingdom,K02000001,2021-07-04,24670,4953557
overview,United Kingdom,K02000001,2021-07-03,23563,4928887
overview,United Kingdom,K02000001,2021-07-02,25782,4905324
overview,United Kingdom,K02000001,2021-07-01,28115,4879542
overview,United Kingdom,K02000001,2021-06-30,28325,4851427
overview,United Kingdom,K02000001,2021-06-29,27588,4823102
overview,United Kingdom,K02000001,2021-06-28,27749,4795514
overview,United Kingdom,K02000001,2021-06-27,18127,4767765
overview,United Kingdom,K02000001,2021-06-26,15973,4749638
overview,United Kingdom,K02000001,2021-06-25,17777,4733665
overview,United Kingdom,K02000001,2021-06-24,18299,4715888
overview,United Kingdom,K02000001,2021-06-23,17907,4697589
overview,United Kingdom,K02000001,2021-06-22,17007,4679682
overview,United Kingdom,K02000001,2021-06-21,15955,4662675
overview,United Kingdom,K02000001,2021-06-20,9874,4646720
overview,United Kingdom,K02000001,2021-06-19,8255,4636846
overview,United Kingdom,K02000001,2021-06-18,10054,4628591
overview,United Kingdom,K02000001,2021-06-17,10775,4618537
overview,United Kingdom,K02000001,2021-06-16,10773,4607762
overview,United Kingdom,K02000001,2021-06-15,10501,4596989
overview,United Kingdom,K02000001,2021-06-14,10108,4586488
overview,United Kingdom,K02000001,2021-06-13,6954,4576380
overview,United Kingdom,K02000001,2021-06-12,6116,4569426
overview,United Kingdom,K02000001,2021-06-11,7442,4563310
overview,United Kingdom,K02000001,2021-06-10,7834,4555868
overview,United Kingdom,K02000001,2021-06-09,8002,4548034
overview,United Kingdom,K02000001,2021-06-08,7672,4540032
overview,United Kingdom,K02000001,2021-06-07,7740,4532360
overview,United Kingdom,K02000001,2021-06-06,5405,4524620
overview,United Kingdom,K02000001,2021-06-05,4624,4519215
overview,United Kingdom,K02000001,2021-06-04,5705,4514591
overview,United Kingdom,K02000001,2021-06-03,6097,4508886
overview,United Kingdom,K02000001,2021-06-02,6050,4502789
overview,United Kingdom,K02000001,2021-06-01,5236,4496739
overview,United Kingdom,K02000001,2021-05-31,3783,4491503
overview,United Kingdom,K02000001,2021-05-30,3093,4487720
overview,United Kingdom,K02000001,2021-05-29,2929,4484627
overview,United Kingdom,K02000001,2021-05-28,3489,4481698
overview,United Kingdom,K02000001,2021-05-27,3639,4478209
overview,United Kingdom,K02000001,2021-05-26,3800,4474570
overview,United Kingdom,K02000001,2021-05-25,3306,4470770
overview,United Kingdom,K02000001,2021-05-24,3238,4467464
overview,United Kingdom,K02000001,2021-05-23,2242,4464226
overview,United Kingdom,K02000001,2021-05-22,1928,4461984
overview,United Kingdom,K02000001,2021-05-21,2292,4460056
overview,United Kingdom,K02000001,2021-05-20,2426,4457764
overview,United Kingdom,K02000001,2021-05-19,2711,4455338
overview,United Kingdom,K02000001,2021-05-18,2707,4452627
overview,United Kingdom,K02000001,2021-05-17,2765,4449920
overview,United Kingdom,K02000001,2021-05-16,1853,4447155
overview,United Kingdom,K02000001,2021-05-15,1582,4445302
overview,United Kingdom,K02000001,2021-05-14,1850,4443720
overview,United Kingdom,K02000001,2021-05-13,2097,4441870
overview,United Kingdom,K02000001,2021-05-12,2231,4439773
overview,United Kingdom,K02000001,2021-05-11,2202,4437542
overview,United Kingdom,K02000001,2021-05-10,2657,4435340
overview,United Kingdom,K02000001,2021-05-09,2170,4432683
overview,United Kingdom,K02000001,2021-05-08,1512,4430513
overview,United Kingdom,K02000001,2021-05-07,1885,4429001
overview,United Kingdom,K02000001,2021-05-06,2167,4427116
overview,United Kingdom,K02000001,2021-05-05,2396,4424949
overview,United Kingdom,K02000001,2021-05-04,2404,4422553
overview,United Kingdom,K02000001,2021-05-03,1973,4420149
overview,United Kingdom,K02000001,2021-05-02,1425,4418176
overview,United Kingdom,K02000001,2021-05-01,1357,4416751
overview,United Kingdom,K02000001,2021-04-30,1705,4415394
overview,United Kingdom,K02000001,2021-04-29,2084,4413689
overview,United Kingdom,K02000001,2021-04-28,2360,4411605
overview,United Kingdom,K02000001,2021-04-27,2055,4409245
overview,United Kingdom,K02000001,2021-04-26,2445,4407190
overview,United Kingdom,K02000001,2021-04-25,1992,4404745
overview,United Kingdom,K02000001,2021-04-24,1462,4402753
overview,United Kingdom,K02000001,2021-04-23,1892,4401291
overview,United Kingdom,K02000001,2021-04-22,2251,4399399
overview,United Kingdom,K02000001,2021-04-21,2544,4397148
overview,United Kingdom,K02000001,2021-04-20,2367,4394604
overview,United Kingdom,K02000001,2021-04-19,2600,4392237
overview,United Kingdom,K02000001,2021-04-18,2437,4389637
overview,United Kingdom,K02000001,2021-04-17,1636,4387200
overview,United Kingdom,K02000001,2021-04-16,2353,4385564
overview,United Kingdom,K02000001,2021-04-15,2190,4383211
overview,United Kingdom,K02000001,2021-04-14,2404,4381021
overview,United Kingdom,K02000001,2021-04-13,2333,4378617
overview,United Kingdom,K02000001,2021-04-12,2714,4376284
overview,United Kingdom,K02000001,2021-04-11,2261,4373570
overview,United Kingdom,K02000001,2021-04-10,2258,4371309
overview,United Kingdom,K02000001,2021-04-09,2781,4369051
overview,United Kingdom,K02000001,2021-04-08,2983,4366270
overview,United Kingdom,K02000001,2021-04-07,3085,4363287
overview,United Kingdom,K02000001,2021-04-06,3118,4360202
overview,United Kingdom,K02000001,2021-04-05,2616,4357084
overview,United Kingdom,K02000001,2021-04-04,2291,4354468
overview,United Kingdom,K02000001,2021-04-03,2404,4352177
overview,United Kingdom,K02000001,2021-04-02,2627,4349773
overview,United Kingdom,K02000001,2021-04-01,3469,4347146
overview,United Kingdom,K02000001,2021-03-31,3771,4343677
overview,United Kingdom,K02000001,2021-03-30,3594,4339906
overview,United Kingdom,K02000001,2021-03-29,3968,4336312
overview,United Kingdom,K02000001,2021-03-28,4657,4332344
overview,United Kingdom,K02000001,2021-03-27,3538,4327687
overview,United Kingdom,K02000001,2021-03-26,4392,4324149
overview,United Kingdom,K02000001,2021-03-25,5402,4319757
overview,United Kingdom,K02000001,2021-03-24,6015,4314355
overview,United Kingdom,K02000001,2021-03-23,5257,4308340
overview,United Kingdom,K02000001,2021-03-22,6203,4303083
overview,United Kingdom,K02000001,2021-03-21,5233,4296880
overview,United Kingdom,K02000001,2021-03-20,4104,4291647
overview,United Kingdom,K02000001,2021-03-19,4996,4287543
overview,United Kingdom,K02000001,2021-03-18,5474,4282547
overview,United Kingdom,K02000001,2021-03-17,5769,4277073
overview,United Kingdom,K02000001,2021-03-16,5674,4271304
overview,United Kingdom,K02000001,2021-03-15,6505,4265630
overview,United Kingdom,K02000001,2021-03-14,4300,4259125
overview,United Kingdom,K02000001,2021-03-13,4247,4254825
overview,United Kingdom,K02000001,2021-03-12,5592,4250578
overview,United Kingdom,K02000001,2021-03-11,5769,4244986
overview,United Kingdom,K02000001,2021-03-10,6036,4239217
overview,United Kingdom,K02000001,2021-03-09,6225,4233181
overview,United Kingdom,K02000001,2021-03-08,6642,4226956
overview,United Kingdom,K02000001,2021-03-07,4284,4220314
overview,United Kingdom,K02000001,2021-03-06,4504,4216030
overview,United Kingdom,K02000001,2021-03-05,5297,4211526
overview,United Kingdom,K02000001,2021-03-04,5727,4206229
overview,United Kingdom,K02000001,2021-03-03,5974,4200502
overview,United Kingdom,K02000001,2021-03-02,6653,4194528
overview,United Kingdom,K02000001,2021-03-01,6873,4187875
overview,United Kingdom,K02000001,2021-02-28,4716,4181002
overview,United Kingdom,K02000001,2021-02-27,4814,4176286
overview,United Kingdom,K02000001,2021-02-26,6566,4171472
overview,United Kingdom,K02000001,2021-02-25,7719,4164906
overview,United Kingdom,K02000001,2021-02-24,8547,4157187
overview,United Kingdom,K02000001,2021-02-23,9385,4148640
overview,United Kingdom,K02000001,2021-02-22,11240,4139255
overview,United Kingdom,K02000001,2021-02-21,7868,4128015
overview,United Kingdom,K02000001,2021-02-20,8056,4120147
overview,United Kingdom,K02000001,2021-02-19,10379,4112091
overview,United Kingdom,K02000001,2021-02-18,11412,4101712
overview,United Kingdom,K02000001,2021-02-17,11561,4090300
overview,United Kingdom,K02000001,2021-02-16,12481,4078739
overview,United Kingdom,K02000001,2021-02-15,14261,4066258
overview,United Kingdom,K02000001,2021-02-14,8753,4051997
overview,United Kingdom,K02000001,2021-02-13,8756,4043244
overview,United Kingdom,K02000001,2021-02-12,12159,4034488
overview,United Kingdom,K02000001,2021-02-11,12736,4022329
overview,United Kingdom,K02000001,2021-02-10,13481,4009593
overview,United Kingdom,K02000001,2021-02-09,13796,3996112
overview,United Kingdom,K02000001,2021-02-08,15703,3982316
overview,United Kingdom,K02000001,2021-02-07,11374,3966613
overview,United Kingdom,K02000001,2021-02-06,11955,3955239
overview,United Kingdom,K02000001,2021-02-05,15845,3943284
overview,United Kingdom,K02000001,2021-02-04,17953,3927439
overview,United Kingdom,K02000001,2021-02-03,19389,3909486
overview,United Kingdom,K02000001,2021-02-02,19750,3890097
overview,United Kingdom,K02000001,2021-02-01,22325,3870347
overview,United Kingdom,K02000001,2021-01-31,15366,3848022
overview,United Kingdom,K02000001,2021-01-30,16665,3832656
overview,United Kingdom,K02000001,2021-01-29,21769,3815991
overview,United Kingdom,K02000001,2021-01-28,24131,3794222
overview,United Kingdom,K02000001,2021-01-27,25662,3770091
overview,United Kingdom,K02000001,2021-01-26,26962,3744429
overview,United Kingdom,K02000001,2021-01-25,29893,3717467
overview,United Kingdom,K02000001,2021-01-24,17149,3687574
overview,United Kingdom,K02000001,2021-01-23,21820,3670425
overview,United Kingdom,K02000001,2021-01-22,29520,3648605
overview,United Kingdom,K02000001,2021-01-21,31648,3619085
overview,United Kingdom,K02000001,2021-01-20,35062,3587437
overview,United Kingdom,K02000001,2021-01-19,39449,3552375
overview,United Kingdom,K02000001,2021-01-18,44755,3512926
overview,United Kingdom,K02000001,2021-01-17,28836,3468171
overview,United Kingdom,K02000001,2021-01-16,30520,3439335
overview,United Kingdom,K02000001,2021-01-15,40368,3408815
overview,United Kingdom,K02000001,2021-01-14,42369,3368447
overview,United Kingdom,K02000001,2021-01-13,45388,3326078
overview,United Kingdom,K02000001,2021-01-12,49359,3280690
overview,United Kingdom,K02000001,2021-01-11,57100,3231331
overview,United Kingdom,K02000001,2021-01-10,36330,3174231
overview,United Kingdom,K02000001,2021-01-09,39076,3137901
overview,United Kingdom,K02000001,2021-01-08,46976,3098825
overview,United Kingdom,K02000001,2021-01-07,51942,3051849
overview,United Kingdom,K02000001,2021-01-06,57367,2999907
overview,United Kingdom,K02000001,2021-01-05,65076,2942540
overview,United Kingdom,K02000001,2021-01-04,76129,2877464
overview,United Kingdom,K02000001,2021-01-03,55145,2801335
overview,United Kingdom,K02000001,2021-01-02,60385,2746190
overview,United Kingdom,K02000001,2021-01-01,31828,2685805
overview,United Kingdom,K02000001,2020-12-31,52783,2653977
overview,United Kingdom,K02000001,2020-12-30,70742,2601194
overview,United Kingdom,K02000001,2020-12-29,81476,2530452
overview,United Kingdom,K02000001,2020-12-28,45571,2448976
overview,United Kingdom,K02000001,2020-12-27,47692,2403405
overview,United Kingdom,K02000001,2020-12-26,40365,2355713
overview,United Kingdom,K02000001,2020-12-25,14168,2315348
overview,United Kingdom,K02000001,2020-12-24,31797,2301180
overview,United Kingdom,K02000001,2020-12-23,42157,2269383
overview,United Kingdom,K02000001,2020-12-22,45644,2227226
overview,United Kingdom,K02000001,2020-12-21,47355,2181582
overview,United Kingdom,K02000001,2020-12-20,32441,2134227
overview,United Kingdom,K02000001,2020-12-19,25134,2101786
overview,United Kingdom,K02000001,2020-12-18,35821,2076652
overview,United Kingdom,K02000001,2020-12-17,33892,2040831
overview,United Kingdom,K02000001,2020-12-16,34902,2006939
overview,United Kingdom,K02000001,2020-12-15,33827,1972037
overview,United Kingdom,K02000001,2020-12-14,34688,1938210
overview,United Kingdom,K02000001,2020-12-13,21973,1903522
overview,United Kingdom,K02000001,2020-12-12,19348,1881549
overview,United Kingdom,K02000001,2020-12-11,24050,1862201
overview,United Kingdom,K02000001,2020-12-10,22593,1838151
overview,United Kingdom,K02000001,2020-12-09,21593,1815558
overview,United Kingdom,K02000001,2020-12-08,20772,1793965
overview,United Kingdom,K02000001,2020-12-07,21318,1773193
overview,United Kingdom,K02000001,2020-12-06,13571,1751875
overview,United Kingdom,K02000001,2020-12-05,12726,1738304
overview,United Kingdom,K02000001,2020-12-04,15653,1725578
overview,United Kingdom,K02000001,2020-12-03,15616,1709925
overview,United Kingdom,K02000001,2020-12-02,16473,1694309
overview,United Kingdom,K02000001,2020-12-01,16450,1677836
overview,United Kingdom,K02000001,2020-11-30,18000,1661386
overview,United Kingdom,K02000001,2020-11-29,10677,1643386
overview,United Kingdom,K02000001,2020-11-28,10961,1632709
overview,United Kingdom,K02000001,2020-11-27,14363,1621748
overview,United Kingdom,K02000001,2020-11-26,14560,1607385
overview,United Kingdom,K02000001,2020-11-25,16608,1592825
overview,United Kingdom,K02000001,2020-11-24,16447,1576217
overview,United Kingdom,K02000001,2020-11-23,18758,1559770
overview,United Kingdom,K02000001,2020-11-22,11734,1541012
overview,United Kingdom,K02000001,2020-11-21,12348,1529278
overview,United Kingdom,K02000001,2020-11-20,16840,1516930
overview,United Kingdom,K02000001,2020-11-19,17745,1500090
overview,United Kingdom,K02000001,2020-11-18,20743,1482345
overview,United Kingdom,K02000001,2020-11-17,23151,1461602
overview,United Kingdom,K02000001,2020-11-16,26561,1438451
overview,United Kingdom,K02000001,2020-11-15,16017,1411890
overview,United Kingdom,K02000001,2020-11-14,17978,1395873
overview,United Kingdom,K02000001,2020-11-13,24025,1377895
overview,United Kingdom,K02000001,2020-11-12,24462,1353870
overview,United Kingdom,K02000001,2020-11-11,27337,1329408
overview,United Kingdom,K02000001,2020-11-10,27404,1302071
overview,United Kingdom,K02000001,2020-11-09,31045,1274667
overview,United Kingdom,K02000001,2020-11-08,19950,1243622
overview,United Kingdom,K02000001,2020-11-07,18514,1223672
overview,United Kingdom,K02000001,2020-11-06,23319,1205158
overview,United Kingdom,K02000001,2020-11-05,23727,1181839
overview,United Kingdom,K02000001,2020-11-04,23662,1158112
overview,United Kingdom,K02000001,2020-11-03,25574,1134450
overview,United Kingdom,K02000001,2020-11-02,31504,1108876
overview,United Kingdom,K02000001,2020-11-01,15742,1077372
overview,United Kingdom,K02000001,2020-10-31,16472,1061630
overview,United Kingdom,K02000001,2020-10-30,22647,1045158
overview,United Kingdom,K02000001,2020-10-29,23319,1022511
overview,United Kingdom,K02000001,2020-10-28,23602,999192
overview,United Kingdom,K02000001,2020-10-27,24068,975590
overview,United Kingdom,K02000001,2020-10-26,26543,951522
overview,United Kingdom,K02000001,2020-10-25,15714,924979
overview,United Kingdom,K02000001,2020-10-24,16220,909265
overview,United Kingdom,K02000001,2020-10-23,21443,893045
overview,United Kingdom,K02000001,2020-10-22,23219,871602
overview,United Kingdom,K02000001,2020-10-21,25422,848383
overview,United Kingdom,K02000001,2020-10-20,25295,822961
overview,United Kingdom,K02000001,2020-10-19,25595,797666
overview,United Kingdom,K02000001,2020-10-18,14182,772071
overview,United Kingdom,K02000001,2020-10-17,14744,757889
overview,United Kingdom,K02000001,2020-10-16,17700,743145
overview,United Kingdom,K02000001,2020-10-15,18402,725445
overview,United Kingdom,K02000001,2020-10-14,19674,707043
overview,United Kingdom,K02000001,2020-10-13,18872,687369
overview,United Kingdom,K02000001,2020-10-12,19417,668497
overview,United Kingdom,K02000001,2020-10-11,12048,649080
overview,United Kingdom,K02000001,2020-10-10,12494,637032
overview,United Kingdom,K02000001,2020-10-09,15708,624538
overview,United Kingdom,K02000001,2020-10-08,18213,608830
overview,United Kingdom,K02000001,2020-10-07,18293,590617
overview,United Kingdom,K02000001,2020-10-06,17042,572324
overview,United Kingdom,K02000001,2020-10-05,16537,555282
overview,United Kingdom,K02000001,2020-10-04,11786,538745
overview,United Kingdom,K02000001,2020-10-03,11518,526959
overview,United Kingdom,K02000001,2020-10-02,13680,515441
overview,United Kingdom,K02000001,2020-10-01,13180,501761
overview,United Kingdom,K02000001,2020-09-30,12550,488581
overview,United Kingdom,K02000001,2020-09-29,10224,476031
overview,United Kingdom,K02000001,2020-09-28,9912,465807
overview,United Kingdom,K02000001,2020-09-27,6967,455895
overview,United Kingdom,K02000001,2020-09-26,6744,448928
overview,United Kingdom,K02000001,2020-09-25,7229,442184
overview,United Kingdom,K02000001,2020-09-24,7598,434955
overview,United Kingdom,K02000001,2020-09-23,7045,427357
overview,United Kingdom,K02000001,2020-09-22,6395,420312
overview,United Kingdom,K02000001,2020-09-21,5594,413917
overview,United Kingdom,K02000001,2020-09-20,5313,408323
overview,United Kingdom,K02000001,2020-09-19,4842,403010
overview,United Kingdom,K02000001,2020-09-18,4950,398168
overview,United Kingdom,K02000001,2020-09-17,4618,393218
overview,United Kingdom,K02000001,2020-09-16,4344,388600
overview,United Kingdom,K02000001,2020-09-15,3538,384256
overview,United Kingdom,K02000001,2020-09-14,3375,380718
overview,United Kingdom,K02000001,2020-09-13,2129,377343
overview,United Kingdom,K02000001,2020-09-12,2654,375214
overview,United Kingdom,K02000001,2020-09-11,3285,372560
overview,United Kingdom,K02000001,2020-09-10,3577,369275
overview,United Kingdom,K02000001,2020-09-09,3327,365698
overview,United Kingdom,K02000001,2020-09-08,3301,362371
overview,United Kingdom,K02000001,2020-09-07,3858,359070
overview,United Kingdom,K02000001,2020-09-06,2434,355212
overview,United Kingdom,K02000001,2020-09-05,2540,352778
overview,United Kingdom,K02000001,2020-09-04,3035,350238
overview,United Kingdom,K02000001,2020-09-03,3092,347203
overview,United Kingdom,K02000001,2020-09-02,2994,344111
overview,United Kingdom,K02000001,2020-09-01,2248,341117
overview,United Kingdom,K02000001,2020-08-31,1500,338869
overview,United Kingdom,K02000001,2020-08-30,1158,337369
overview,United Kingdom,K02000001,2020-08-29,1221,336211
overview,United Kingdom,K02000001,2020-08-28,1623,334990
overview,United Kingdom,K02000001,2020-08-27,1549,333367
overview,United Kingdom,K02000001,2020-08-26,1346,331818
overview,United Kingdom,K02000001,2020-08-25,1246,330472
overview,United Kingdom,K02000001,2020-08-24,1273,329226
overview,United Kingdom,K02000001,2020-08-23,821,327953
overview,United Kingdom,K02000001,2020-08-22,823,327132
overview,United Kingdom,K02000001,2020-08-21,1198,326309
overview,United Kingdom,K02000001,2020-08-20,1459,325111
overview,United Kingdom,K02000001,2020-08-19,1240,323652
overview,United Kingdom,K02000001,2020-08-18,1081,322412
overview,United Kingdom,K02000001,2020-08-17,1278,321331
overview,United Kingdom,K02000001,2020-08-16,598,320053
overview,United Kingdom,K02000001,2020-08-15,694,319455
overview,United Kingdom,K02000001,2020-08-14,1161,318761
overview,United Kingdom,K02000001,2020-08-13,1140,317600
overview,United Kingdom,K02000001,2020-08-12,1206,316460
overview,United Kingdom,K02000001,2020-08-11,1341,315254
overview,United Kingdom,K02000001,2020-08-10,1467,313913
overview,United Kingdom,K02000001,2020-08-09,614,312446
overview,United Kingdom,K02000001,2020-08-08,696,311832
overview,United Kingdom,K02000001,2020-08-07,943,311136
overview,United Kingdom,K02000001,2020-08-06,1082,310193
overview,United Kingdom,K02000001,2020-08-05,1057,309111
overview,United Kingdom,K02000001,2020-08-04,1018,308054
overview,United Kingdom,K02000001,2020-08-03,1036,307036
overview,United Kingdom,K02000001,2020-08-02,553,306000
overview,United Kingdom,K02000001,2020-08-01,542,305447
overview,United Kingdom,K02000001,2020-07-31,676,304905
overview,United Kingdom,K02000001,2020-07-30,923,304229
overview,United Kingdom,K02000001,2020-07-29,1037,303306
overview,United Kingdom,K02000001,2020-07-28,840,302269
overview,United Kingdom,K02000001,2020-07-27,855,301429
overview,United Kingdom,K02000001,2020-07-26,558,300574
overview,United Kingdom,K02000001,2020-07-25,523,300016
overview,United Kingdom,K02000001,2020-07-24,773,299493
overview,United Kingdom,K02000001,2020-07-23,794,298720
overview,United Kingdom,K02000001,2020-07-22,795,297926
overview,United Kingdom,K02000001,2020-07-21,780,297131
overview,United Kingdom,K02000001,2020-07-20,812,296351
overview,United Kingdom,K02000001,2020-07-19,444,295539
overview,United Kingdom,K02000001,2020-07-18,497,295095
overview,United Kingdom,K02000001,2020-07-17,581,294598
overview,United Kingdom,K02000001,2020-07-16,706,294017
overview,United Kingdom,K02000001,2020-07-15,774,293311
overview,United Kingdom,K02000001,2020-07-14,690,292537
overview,United Kingdom,K02000001,2020-07-13,734,291847
overview,United Kingdom,K02000001,2020-07-12,369,291113
overview,United Kingdom,K02000001,2020-07-11,448,290744
overview,United Kingdom,K02000001,2020-07-10,566,290296
overview,United Kingdom,K02000001,2020-07-09,718,289730
overview,United Kingdom,K02000001,2020-07-08,702,289012
overview,United Kingdom,K02000001,2020-07-07,604,288310
overview,United Kingdom,K02000001,2020-07-06,703,287706
overview,United Kingdom,K02000001,2020-07-05,556,287003
overview,United Kingdom,K02000001,2020-07-04,402,286447
overview,United Kingdom,K02000001,2020-07-03,574,286045
overview,United Kingdom,K02000001,2020-07-02,608,285471
overview,United Kingdom,K02000001,2020-07-01,658,284863
overview,United Kingdom,K02000001,2020-06-30,617,284205
overview,United Kingdom,K02000001,2020-06-29,728,283588
overview,United Kingdom,K02000001,2020-06-28,446,282860
overview,United Kingdom,K02000001,2020-06-27,652,282414
overview,United Kingdom,K02000001,2020-06-26,668,281762
overview,United Kingdom,K02000001,2020-06-25,720,281094
overview,United Kingdom,K02000001,2020-06-24,775,280374
overview,United Kingdom,K02000001,2020-06-23,888,279599
overview,United Kingdom,K02000001,2020-06-22,894,278711
overview,United Kingdom,K02000001,2020-06-21,637,277817
overview,United Kingdom,K02000001,2020-06-20,686,277180
overview,United Kingdom,K02000001,2020-06-19,997,276494
overview,United Kingdom,K02000001,2020-06-18,1026,275497
overview,United Kingdom,K02000001,2020-06-17,1012,274471
overview,United Kingdom,K02000001,2020-06-16,1103,273459
overview,United Kingdom,K02000001,2020-06-15,1042,272356
overview,United Kingdom,K02000001,2020-06-14,819,271314
overview,United Kingdom,K02000001,2020-06-13,886,270495
overview,United Kingdom,K02000001,2020-06-12,1057,269609
overview,United Kingdom,K02000001,2020-06-11,1008,268552
overview,United Kingdom,K02000001,2020-06-10,1190,267544
overview,United Kingdom,K02000001,2020-06-09,1154,266354
overview,United Kingdom,K02000001,2020-06-08,1095,265200
overview,United Kingdom,K02000001,2020-06-07,722,264105
overview,United Kingdom,K02000001,2020-06-06,808,263383
overview,United Kingdom,K02000001,2020-06-05,1124,262575
overview,United Kingdom,K02000001,2020-06-04,1250,261451
overview,United Kingdom,K02000001,2020-06-03,1357,260201
overview,United Kingdom,K02000001,2020-06-02,1485,258844
overview,United Kingdom,K02000001,2020-06-01,1437,257359
overview,United Kingdom,K02000001,2020-05-31,1082,255922
overview,United Kingdom,K02000001,2020-05-30,1118,254840
overview,United Kingdom,K02000001,2020-05-29,1527,253722
overview,United Kingdom,K02000001,2020-05-28,1756,252195
overview,United Kingdom,K02000001,2020-05-27,1825,250439
overview,United Kingdom,K02000001,2020-05-26,2058,248614
overview,United Kingdom,K02000001,2020-05-25,1616,246556
overview,United Kingdom,K02000001,2020-05-24,1363,244940
overview,United Kingdom,K02000001,2020-05-23,1526,243577
overview,United Kingdom,K02000001,2020-05-22,2052,242051
overview,United Kingdom,K02000001,2020-05-21,2565,239999
overview,United Kingdom,K02000001,2020-05-20,2702,237434
overview,United Kingdom,K02000001,2020-05-19,3046,234732
overview,United Kingdom,K02000001,2020-05-18,2577,231686
overview,United Kingdom,K02000001,2020-05-17,1833,229109
overview,United Kingdom,K02000001,2020-05-16,2076,227276
overview,United Kingdom,K02000001,2020-05-15,2523,225200
overview,United Kingdom,K02000001,2020-05-14,2622,222677
overview,United Kingdom,K02000001,2020-05-13,3309,220055
overview,United Kingdom,K02000001,2020-05-12,3386,216746
overview,United Kingdom,K02000001,2020-05-11,3573,213360
overview,United Kingdom,K02000001,2020-05-10,2322,209787
overview,United Kingdom,K02000001,2020-05-09,2162,207465
overview,United Kingdom,K02000001,2020-05-08,3063,205303
overview,United Kingdom,K02000001,2020-05-07,3772,202240
overview,United Kingdom,K02000001,2020-05-06,3816,198468
overview,United Kingdom,K02000001,2020-05-05,3667,194652
overview,United Kingdom,K02000001,2020-05-04,3387,190985
overview,United Kingdom,K02000001,2020-05-03,2981,187598
overview,United Kingdom,K02000001,2020-05-02,3232,184617
overview,United Kingdom,K02000001,2020-05-01,4731,181385
overview,United Kingdom,K02000001,2020-04-30,4955,176654
overview,United Kingdom,K02000001,2020-04-29,5422,171699
overview,United Kingdom,K02000001,2020-04-28,4712,166277
overview,United Kingdom,K02000001,2020-04-27,4700,161565
overview,United Kingdom,K02000001,2020-04-26,3469,156865
overview,United Kingdom,K02000001,2020-04-25,3742,153396
overview,United Kingdom,K02000001,2020-04-24,4946,149654
overview,United Kingdom,K02000001,2020-04-23,5142,144708
overview,United Kingdom,K02000001,2020-04-22,5485,139566
overview,United Kingdom,K02000001,2020-04-21,4764,134081
overview,United Kingdom,K02000001,2020-04-20,4412,129317
overview,United Kingdom,K02000001,2020-04-19,3849,124905
overview,United Kingdom,K02000001,2020-04-18,4698,121056
overview,United Kingdom,K02000001,2020-04-17,4932,116358
overview,United Kingdom,K02000001,2020-04-16,5272,111426
overview,United Kingdom,K02000001,2020-04-15,5039,106154
overview,United Kingdom,K02000001,2020-04-14,4297,101115
overview,United Kingdom,K02000001,2020-04-13,4165,96818
overview,United Kingdom,K02000001,2020-04-12,3478,92653
overview,United Kingdom,K02000001,2020-04-11,3557,89175
overview,United Kingdom,K02000001,2020-04-10,4310,85618
overview,United Kingdom,K02000001,2020-04-09,4847,81308
overview,United Kingdom,K02000001,2020-04-08,5116,76461
overview,United Kingdom,K02000001,2020-04-07,5430,71345
overview,United Kingdom,K02000001,2020-04-06,5257,65915
overview,United Kingdom,K02000001,2020-04-05,3583,60658
overview,United Kingdom,K02000001,2020-04-04,4002,57075
overview,United Kingdom,K02000001,2020-04-03,4892,53073
overview,United Kingdom,K02000001,2020-04-02,4855,48181
overview,United Kingdom,K02000001,2020-04-01,4933,43326
overview,United Kingdom,K02000001,2020-03-31,4510,38393
overview,United Kingdom,K02000001,2020-03-30,4258,33883
overview,United Kingdom,K02000001,2020-03-29,2853,29625
overview,United Kingdom,K02000001,2020-03-28,2815,26772
overview,United Kingdom,K02000001,2020-03-27,3183,23957
overview,United Kingdom,K02000001,2020-03-26,3080,20774
overview,United Kingdom,K02000001,2020-03-25,2692,17694
overview,United Kingdom,K02000001,2020-03-24,2373,15002
overview,United Kingdom,K02000001,2020-03-23,2323,12629
overview,United Kingdom,K02000001,2020-03-22,1373,10306
overview,United Kingdom,K02000001,2020-03-21,1190,8933
overview,United Kingdom,K02000001,2020-03-20,1258,7743
overview,United Kingdom,K02000001,2020-03-19,1049,6485
overview,United Kingdom,K02000001,2020-03-18,991,5436
overview,United Kingdom,K02000001,2020-03-17,788,4445
overview,United Kingdom,K02000001,2020-03-16,601,3657
overview,United Kingdom,K02000001,2020-03-15,441,3056
overview,United Kingdom,K02000001,2020-03-14,362,2615
overview,United Kingdom,K02000001,2020-03-13,480,2253
overview,United Kingdom,K02000001,2020-03-12,482,1773
overview,United Kingdom,K02000001,2020-03-11,401,1291
overview,United Kingdom,K02000001,2020-03-10,266,890
overview,United Kingdom,K02000001,2020-03-09,147,624
overview,United Kingdom,K02000001,2020-03-08,57,477
overview,United Kingdom,K02000001,2020-03-07,68,420
overview,United Kingdom,K02000001,2020-03-06,81,352
overview,United Kingdom,K02000001,2020-03-05,50,271
overview,United Kingdom,K02000001,2020-03-04,56,221
overview,United Kingdom,K02000001,2020-03-03,57,165
overview,United Kingdom,K02000001,2020-03-02,39,108
overview,United Kingdom,K02000001,2020-03-01,22,69
overview,United Kingdom,K02000001,2020-02-29,5,47
overview,United Kingdom,K02000001,2020-02-28,12,42
overview,United Kingdom,K02000001,2020-02-27,8,30
overview,United Kingdom,K02000001,2020-02-26,4,22
overview,United Kingdom,K02000001,2020-02-25,5,18
overview,United Kingdom,K02000001,2020-02-24,2,13
overview,United Kingdom,K02000001,2020-02-23,1,11
overview,United Kingdom,K02000001,2020-02-22,0,10
overview,United Kingdom,K02000001,2020-02-21,1,10
overview,United Kingdom,K02000001,2020-02-20,0,9
overview,United Kingdom,K02000001,2020-02-19,0,9
overview,United Kingdom,K02000001,2020-02-18,0,9
overview,United Kingdom,K02000001,2020-02-17,0,9
overview,United Kingdom,K02000001,2020-02-16,0,9
overview,United Kingdom,K02000001,2020-02-15,0,9
overview,United Kingdom,K02000001,2020-02-14,0,9
overview,United Kingdom,K02000001,2020-02-13,0,9
overview,United Kingdom,K02000001,2020-02-12,0,9
overview,United Kingdom,K02000001,2020-02-11,1,9
overview,United Kingdom,K02000001,2020-02-10,0,8
overview,United Kingdom,K02000001,2020-02-09,1,8
overview,United Kingdom,K02000001,2020-02-08,4,7
overview,United Kingdom,K02000001,2020-02-07,0,3
overview,United Kingdom,K02000001,2020-02-06,0,3
overview,United Kingdom,K02000001,2020-02-05,1,3
overview,United Kingdom,K02000001,2020-02-04,0,2
overview,United Kingdom,K02000001,2020-02-03,0,2
overview,United Kingdom,K02000001,2020-02-02,0,2
overview,United Kingdom,K02000001,2020-02-01,0,2
overview,United Kingdom,K02000001,2020-01-31,0,2
overview,United Kingdom,K02000001,2020-01-30,2,2
